{
  "id": "reaction-activation",
  "title": "Reaction Activation",
  "description": "Add Activation Rules using Midi-qol",
  "version": "1.0.3",
  "authors": [
    {
      "name": "stevenEvans1066"
    }
  ],
  "socket": true,
  "scripts": [],
  "esmodules": [
    "src/main.js"
  ],
  "styles": [
    "css/styles.css"
  ],
  "relationships": {
    "systems": [
      {
        "id": "dnd5e",
        "type": "system",
        "compatibility": {
          "minimum": "2.0.3"
        }
      },
      {
        "id": "sw5e",
        "type": "system",
        "compatibility": {
          "minimum": "2.0.2.2.2.5",
          "compatible": "2.0.2.2.2.5"
        }
      }
    ],
    "requires": []
  },
  "packs": [
    {
      "name": "reaction-activation",
      "label": "Reaction Activation Example",
      "path": "packs/item-example.db",
      "type": "Item",
      "system": "dnd5e",
      "lang": []
    }
  ],
  "languages": [
    {
      "lang": "en",
      "name": "English",
      "path": "lang/en.json"
    }
  ],
  "compatibility": {
    "minimum": 10.286,
    "verified": 10,
    "maximum": 10
  },
  "url": "https://github.com/StevenEvans1966/reaction-activation",
  "manifest": "https://github.com/StevenEvans1966/reaction-activation/releases/download/1.0.3/module.json",
  "download": "https://github.com/StevenEvans1966/reaction-activation/releases/download/1.0.3/reaction-activation-v1.0.3.zip",
  "changelog": "https://github.com/StevenEvans1966/reaction-activation/blob/master/CHANGELOG.md"
}