{
  "id": "steven-premades",
  "title": "Steven Premades",
  "description": "Premades using Midi-qol",
  "version": "1.0.5",
  "authors": [
    {
      "name": "stevenEvans1066"
    }
  ],
  "socket": true,
  "scripts": [],
  "esmodules": [
    "src/main.js"
  ],
  "styles": [
    "css/styles.css"
  ],
  "relationships": {
    "systems": [
      {
        "id": "dnd5e",
        "type": "system",
        "compatibility": {
          "minimum": "2.0.3"
        }
      },
      {
        "id": "sw5e",
        "type": "system",
        "compatibility": {
          "minimum": "2.0.2.2.2.5",
          "compatible": "2.0.2.2.2.5"
        }
      }
    ],
    "requires": []
  },
  "packs": [
    {
      "name": "steven-premades",
      "label": "Steven Premades Items",
      "path": "packs/items.db",
      "type": "Item",
      "system": "dnd5e",
      "lang": []
    }
  ],
  "languages": [
    {
      "lang": "en",
      "name": "English",
      "path": "lang/en.json"
    }
  ],
  "compatibility": {
    "minimum": 10.286,
    "verified": 11,
    "maximum": 11
  },
  "url": "https://github.com/StevenEvans1966/",
  "manifest":  "https://github.com/StevenEvans1966/steven-premades/releases/latest/download/module.json",
  "download":  "https://github.com/StevenEvans1966/steven-premades/releases/latest/download/steven-premades-v1.0.5.zip",
  "changelog": "https://github.com/StevenEvans1966/steven-premades/releases/latest/download/CHANGELOG.md"
}